{"cameraMode":{"drawMode":0,"name":"Shaded","section":"Shading Mode"},"sceneLighting":true,"audioPlay":false,"sceneViewState":{"m_AlwaysRefresh":false,"showFog":true,"showSkybox":true,"showFlares":true,"showImageEffects":true,"showParticleSystems":true,"showVisualEffectGraphs":true,"m_FxEnabled":true},"in2DMode":false,"pivot":{"x":2.550075054168701,"y":3.9113497734069826,"z":-0.7843445539474487},"rotation":{"x":0.07172132283449173,"y":-0.9253458380699158,"z":0.22213129699230195,"w":0.2987576723098755},"size":2.815967082977295,"orthographic":true}